"X","step","polinomial"
-2.75,1,-13.921875
-2.5,2,-10.625
-2.25,3,-8.015625
-2,4,-6
-1.75,5,-4.484375
-1.5,6,-3.375
-1.25,7,-2.578125
-1,8,-2
-0.75,9,-1.546875
-0.5,10,-1.125
-0.25,11,-0.640625
0,12,0
0.25,13,0.890625
0.5,14,2.125
0.75,15,3.796875
1,16,6
1.25,17,8.828125
1.5,18,12.375
1.75,19,16.734375
2,20,22

